[
  {
    "id": "0249e5b6-9855-451b-8d44-f745a84118c7",
    "data": [
      {
        "text": "Is ",
        "userDefined": false
      },
      {
        "text": "Neil",
        "alias": "name",
        "meta": "@Dentists",
        "userDefined": false
      },
      {
        "text": " booked at ",
        "userDefined": false
      },
      {
        "text": "8?",
        "alias": "number",
        "meta": "@sys.number",
        "userDefined": false
      }
    ],
    "isTemplate": false,
    "count": 0
  },
  {
    "id": "a7c57e27-5fb4-4753-a153-0aa3c769c858",
    "data": [
      {
        "text": "Is ",
        "userDefined": false
      },
      {
        "text": "Neil",
        "alias": "name",
        "meta": "@Dentists",
        "userDefined": false
      },
      {
        "text": " available at ",
        "userDefined": false
      },
      {
        "text": "8?",
        "alias": "number",
        "meta": "@sys.number",
        "userDefined": false
      }
    ],
    "isTemplate": false,
    "count": 0
  }
]