[
  {
    "id": "9bf792c8-84b3-4f30-866d-8cffaa7a6540",
    "data": [
      {
        "text": "I would like to cancel my booking",
        "userDefined": false
      }
    ],
    "isTemplate": false,
    "count": 0
  },
  {
    "id": "ebae15b3-4bbc-4d48-918f-342fc155eac0",
    "data": [
      {
        "text": "remove booking",
        "userDefined": false
      }
    ],
    "isTemplate": false,
    "count": 0
  },
  {
    "id": "5793df85-5087-40d2-8afb-8a0da420ddf2",
    "data": [
      {
        "text": "cancel reservation",
        "userDefined": false
      }
    ],
    "isTemplate": false,
    "count": 0
  },
  {
    "id": "57dd1658-78aa-4015-ac4c-09b38a18b7ab",
    "data": [
      {
        "text": "cancel booking",
        "userDefined": false
      }
    ],
    "isTemplate": false,
    "count": 0
  },
  {
    "id": "887e4222-13cb-4ae4-ac12-66587ba18c98",
    "data": [
      {
        "text": "I want to cancel my booking",
        "userDefined": false
      }
    ],
    "isTemplate": false,
    "count": 0
  }
]