[
  {
    "id": "2a22c5af-f7de-4d01-886e-a67c4a68cacf",
    "data": [
      {
        "text": "i want to make a booking",
        "userDefined": false
      }
    ],
    "isTemplate": false,
    "count": 0
  },
  {
    "id": "d092ea7d-4133-4ab3-a845-0d52fad0da17",
    "data": [
      {
        "text": "i\u0027ve got a tooth problem",
        "userDefined": false
      }
    ],
    "isTemplate": false,
    "count": 0
  },
  {
    "id": "78d7b515-d5ff-4c52-b0cb-ffe354d2a788",
    "data": [
      {
        "text": "i\u0027ve got a tooth ache",
        "userDefined": false
      }
    ],
    "isTemplate": false,
    "count": 0
  },
  {
    "id": "718e916e-0fd9-4bf6-84af-5a373ff80796",
    "data": [
      {
        "text": "i want an appointment with a dentist",
        "userDefined": false
      }
    ],
    "isTemplate": false,
    "count": 0
  },
  {
    "id": "ae0a73e6-2b8f-4650-a655-747978eb7c3a",
    "data": [
      {
        "text": "i want to see a dentist",
        "userDefined": false
      }
    ],
    "isTemplate": false,
    "count": 0
  },
  {
    "id": "6f724e6f-fe31-4d6c-9bb2-bd02353de2fc",
    "data": [
      {
        "text": "i want to see a doctor",
        "userDefined": false
      }
    ],
    "isTemplate": false,
    "count": 0
  },
  {
    "id": "5778be95-7df8-4510-a35b-4454ff3f0422",
    "data": [
      {
        "text": "I want an appointment",
        "userDefined": false
      }
    ],
    "isTemplate": false,
    "count": 0
  },
  {
    "id": "de12c407-0dbc-40f1-91b0-6a77da6e2ba3",
    "data": [
      {
        "text": "I want to book an appointment",
        "userDefined": false
      }
    ],
    "isTemplate": false,
    "count": 0
  },
  {
    "id": "d368dc11-d84f-4265-b6eb-66aacc5c59b3",
    "data": [
      {
        "text": "Hi, I would like to book an appointment",
        "userDefined": false
      }
    ],
    "isTemplate": false,
    "count": 0
  }
]