[
  {
    "id": "35f746a7-745d-47b1-9bea-11f12ae0a237",
    "data": [
      {
        "text": "what does ",
        "userDefined": false
      },
      {
        "text": "Neil",
        "alias": "name",
        "meta": "@Dentists",
        "userDefined": false
      },
      {
        "text": " do?",
        "userDefined": false
      }
    ],
    "isTemplate": false,
    "count": 0
  },
  {
    "id": "c9867e64-f546-4dcf-a9ca-940e5223cf01",
    "data": [
      {
        "text": "who is Neil",
        "userDefined": false
      }
    ],
    "isTemplate": false,
    "count": 0
  },
  {
    "id": "5654ac76-e4d4-4cc1-8dbc-966c72b63dcb",
    "data": [
      {
        "text": "show me more information about ",
        "userDefined": false
      },
      {
        "text": "Neil",
        "alias": "name",
        "meta": "@Dentists",
        "userDefined": false
      }
    ],
    "isTemplate": false,
    "count": 0
  }
]