[
  {
    "id": "eaa4acf2-f7aa-4ed6-91d9-e9cae575aa7d",
    "data": [
      {
        "text": "I would like an appointment with ",
        "userDefined": false
      },
      {
        "text": "Neil",
        "alias": "name",
        "meta": "@Dentists",
        "userDefined": false
      }
    ],
    "isTemplate": false,
    "count": 0
  },
  {
    "id": "c50135a6-da83-4ef7-99cf-0b2a71ad3194",
    "data": [
      {
        "text": "I would like to book in with ",
        "userDefined": false
      },
      {
        "text": "Neil",
        "alias": "name",
        "meta": "@Dentists",
        "userDefined": false
      }
    ],
    "isTemplate": false,
    "count": 0
  },
  {
    "id": "4c2ab1ea-b660-4378-809f-2afdc9e125e9",
    "data": [
      {
        "text": "I want to see ",
        "userDefined": false
      },
      {
        "text": "Neil",
        "alias": "name",
        "meta": "@Dentists",
        "userDefined": false
      }
    ],
    "isTemplate": false,
    "count": 0
  },
  {
    "id": "bd3ffb8a-1906-4125-a648-489a3b2bb549",
    "data": [
      {
        "text": "Book me in with ",
        "userDefined": false
      },
      {
        "text": "Neil",
        "alias": "name",
        "meta": "@Dentists",
        "userDefined": false
      }
    ],
    "isTemplate": false,
    "count": 0
  },
  {
    "id": "bc3c5ff1-e5d5-475d-8d30-dd12ddb6a11e",
    "data": [
      {
        "text": "I want an appointment with ",
        "userDefined": false
      },
      {
        "text": "Shimona",
        "alias": "name",
        "meta": "@Dentists",
        "userDefined": false
      }
    ],
    "isTemplate": false,
    "count": 0
  },
  {
    "id": "6fba8c58-3ad5-496b-9d86-e4e71420a214",
    "data": [
      {
        "text": "I want an appointment with ",
        "userDefined": false
      },
      {
        "text": "Neil",
        "alias": "name",
        "meta": "@Dentists",
        "userDefined": false
      }
    ],
    "isTemplate": false,
    "count": 0
  },
  {
    "id": "025abb90-658d-4e05-9b5f-a4b8ed09fb3a",
    "data": [
      {
        "text": "I want an appointment with ",
        "userDefined": false
      },
      {
        "text": "Justin",
        "alias": "name",
        "meta": "@Dentists",
        "userDefined": false
      }
    ],
    "isTemplate": false,
    "count": 0
  }
]