[
  {
    "id": "610ad701-fbc4-44bc-ab53-62ad19e64c90",
    "data": [
      {
        "text": "book me in for ",
        "userDefined": false
      },
      {
        "text": "3",
        "alias": "number",
        "meta": "@sys.number",
        "userDefined": false
      },
      {
        "text": " pm",
        "userDefined": false
      }
    ],
    "isTemplate": false,
    "count": 0
  },
  {
    "id": "0ad1a4b0-9764-40a7-b119-6ea160fd9b2b",
    "data": [
      {
        "text": "book in for ",
        "userDefined": false
      },
      {
        "text": "9",
        "alias": "number",
        "meta": "@sys.number",
        "userDefined": false
      },
      {
        "text": " am",
        "userDefined": false
      }
    ],
    "isTemplate": false,
    "count": 0
  },
  {
    "id": "db5247b1-b742-4d75-88d1-bf54a0502575",
    "data": [
      {
        "text": "book appointment for ",
        "userDefined": false
      },
      {
        "text": "8",
        "alias": "number",
        "meta": "@sys.number",
        "userDefined": false
      },
      {
        "text": " to ",
        "userDefined": false
      },
      {
        "text": "9",
        "alias": "number1",
        "meta": "@sys.number",
        "userDefined": false
      }
    ],
    "isTemplate": false,
    "count": 0
  },
  {
    "id": "1fc2c6e5-d406-464e-95c5-65148ec5d702",
    "data": [
      {
        "text": "book from ",
        "userDefined": false
      },
      {
        "text": "8",
        "alias": "number",
        "meta": "@sys.number",
        "userDefined": false
      },
      {
        "text": " to ",
        "userDefined": false
      },
      {
        "text": "9",
        "alias": "number1",
        "meta": "@sys.number",
        "userDefined": false
      }
    ],
    "isTemplate": false,
    "count": 0
  },
  {
    "id": "a40a8aef-a1b8-4179-89c6-605903b7fa73",
    "data": [
      {
        "text": "reserve it at ",
        "userDefined": false
      },
      {
        "text": "8",
        "alias": "number",
        "meta": "@sys.number",
        "userDefined": false
      }
    ],
    "isTemplate": false,
    "count": 0
  },
  {
    "id": "7526f839-31e9-4dfd-bf72-f8e6bf2d97c1",
    "data": [
      {
        "text": "book it in for ",
        "userDefined": false
      },
      {
        "text": "8",
        "alias": "number",
        "meta": "@sys.number",
        "userDefined": false
      }
    ],
    "isTemplate": false,
    "count": 0
  },
  {
    "id": "98d81fef-1d89-4ed9-a65c-ff97230dd96c",
    "data": [
      {
        "text": "book for ",
        "userDefined": false
      },
      {
        "text": "9",
        "alias": "number",
        "meta": "@sys.number",
        "userDefined": false
      }
    ],
    "isTemplate": false,
    "count": 0
  },
  {
    "id": "18d3011a-4b2a-4cc1-9fa9-bd5471a5f0d0",
    "data": [
      {
        "text": "book at ",
        "userDefined": false
      },
      {
        "text": "9",
        "alias": "number",
        "meta": "@sys.number",
        "userDefined": false
      }
    ],
    "isTemplate": false,
    "count": 0
  },
  {
    "id": "d38fb5c7-9b1e-4398-8535-28a2e230751f",
    "data": [
      {
        "text": "book appointment for ",
        "userDefined": false
      },
      {
        "text": "8",
        "alias": "number",
        "meta": "@sys.number",
        "userDefined": false
      }
    ],
    "isTemplate": false,
    "count": 0
  }
]