[
  {
    "value": "8",
    "synonyms": [
      "8",
      "eight",
      "8 am"
    ]
  },
  {
    "value": "9",
    "synonyms": [
      "9",
      "nine",
      "9 am"
    ]
  },
  {
    "value": "10",
    "synonyms": [
      "10",
      "ten",
      "10 am"
    ]
  },
  {
    "value": "11",
    "synonyms": [
      "11",
      "eleven",
      "11 am"
    ]
  },
  {
    "value": "12",
    "synonyms": [
      "12",
      "twelve",
      "12 pm"
    ]
  },
  {
    "value": "1",
    "synonyms": [
      "1",
      "one",
      "1 pm"
    ]
  },
  {
    "value": "2",
    "synonyms": [
      "2",
      "two",
      "2 pm"
    ]
  },
  {
    "value": "3",
    "synonyms": [
      "3",
      "three",
      "3 pm"
    ]
  },
  {
    "value": "4",
    "synonyms": [
      "4",
      "four",
      "4 pm"
    ]
  }
]